Id,SepalLengthCm,SepalWidthCm,PetalLengthCm,PetalWidthCm,Species
1,5.1,3.5,1.4,0.2,Iris-setosa
2,4.9,3.0,1.4,0.2,Iris-setosa
3,4.7,3.2,1.3,0.2,Iris-setosa
4,4.6,3.1,1.5,0.2,Iris-setosa
5,5.0,3.6,1.4,0.2,Iris-setosa
6,5.4,3.9,1.7,0.4,Iris-setosa
7,4.6,3.4,1.4,0.3,Iris-setosa
9,4.4,2.9,1.4,0.2,Iris-setosa
11,5.4,3.7,1.5,0.2,Iris-setosa
15,5.8,4.0,1.2,0.2,Iris-setosa
16,5.7,4.4,1.5,0.4,Iris-setosa
19,5.7,3.8,1.7,0.3,Iris-setosa
24,5.1,3.3,1.7,0.5,Iris-setosa
33,5.2,4.1,1.5,0.1,Iris-setosa
34,5.5,4.2,1.4,0.2,Iris-setosa
42,4.5,2.3,1.3,0.3,Iris-setosa
55,6.5,2.8,4.6,1.5,Iris-versicolor
58,4.9,2.4,3.3,1.0,Iris-versicolor
60,5.2,2.7,3.9,1.4,Iris-versicolor
61,5.0,2.0,3.5,1.0,Iris-versicolor
63,6.0,2.2,4.0,1.0,Iris-versicolor
70,5.6,2.5,3.9,1.1,Iris-versicolor
80,5.7,2.6,3.5,1.0,Iris-versicolor
